{"cameraMode":{"drawMode":0,"name":"Shaded","section":"Shading Mode"},"sceneLighting":true,"audioPlay":false,"sceneViewState":{"showFog":false,"showMaterialUpdate":false,"showSkybox":false,"showFlares":false,"showImageEffects":false,"showParticleSystems":false},"in2DMode":false,"pivot":{"x":-8.744691848754883,"y":-5.596843242645264,"z":1.437416672706604},"rotation":{"x":0.1936447024345398,"y":-0.6511642336845398,"z":0.1770637184381485,"w":0.7121368050575256},"size":125.73426055908203,"orthographic":false}