{"cameraMode":{"drawMode":0,"name":"Shaded","section":"Shading Mode"},"sceneLighting":true,"audioPlay":false,"sceneViewState":{"showFog":false,"showMaterialUpdate":false,"showSkybox":false,"showFlares":false,"showImageEffects":false,"showParticleSystems":false},"in2DMode":false,"pivot":{"x":0.8605661392211914,"y":2.004084587097168,"z":-9.557997703552246},"rotation":{"x":0.0008760917116887867,"y":0.9952101111412048,"z":-0.09734164923429489,"w":0.00895715318620205},"size":10.0,"orthographic":false}